<?xml version="1.0" encoding="UTF-8"?>
<project-private xmlns="http://www.netbeans.org/ns/project-private/1">
    <editor-bookmarks xmlns="http://www.netbeans.org/ns/editor-bookmarks/2" lastBookmarkId="0"/>
    <open-files xmlns="http://www.netbeans.org/ns/projectui-open-files/2">
        <group>
            <file>file:/C:/Users/user/Documents/NetBeansProjects/GradeSystemProject/src/GradeSystemProject/src/gradesystemproject/DataSet.java</file>
            <file>file:/C:/Users/user/Documents/NetBeansProjects/GradeSystemProject/src/GradeSystemProject/src/gradesystemproject/ChooseCase.java</file>
            <file>file:/C:/Users/user/Documents/NetBeansProjects/GradeSystemProject/src/GradeSystemProject/src/gradesystemproject/Integrate2.java</file>
            <file>file:/C:/Users/user/Documents/NetBeansProjects/GradeSystemProject/src/GradeSystemProject/src/gradesystemproject/GradeSystem.java</file>
            <file>file:/C:/Users/user/Documents/NetBeansProjects/GradeSystemProject/src/GradeSystemProject/src/gradesystemproject/Integrate1.java</file>
            <file>file:/C:/Users/user/Documents/NetBeansProjects/GradeSystemProject/src/GradeSystemProject/src/gradesystemproject/Name.java</file>
            <file>file:/C:/Users/user/Documents/NetBeansProjects/GradeSystemProject/src/GradeSystemProject/src/gradesystemproject/GradeSystemProject.java</file>
        </group>
    </open-files>
</project-private>
